--------------------------------------------------------
--  文件已创建 - 星期二-五月-23-2017   
--------------------------------------------------------
--------------------------------------------------------
--  DDL for Table QUESTION_TAGS
--------------------------------------------------------

  CREATE TABLE "JIANSHENG"."QUESTION_TAGS" 
   (	"QID" VARCHAR2(32 BYTE), 
	"TID" VARCHAR2(32 BYTE)
   ) SEGMENT CREATION IMMEDIATE 
  PCTFREE 10 PCTUSED 40 INITRANS 1 MAXTRANS 255 NOCOMPRESS LOGGING
  STORAGE(INITIAL 65536 NEXT 1048576 MINEXTENTS 1 MAXEXTENTS 2147483645
  PCTINCREASE 0 FREELISTS 1 FREELIST GROUPS 1 BUFFER_POOL DEFAULT FLASH_CACHE DEFAULT CELL_FLASH_CACHE DEFAULT)
  TABLESPACE "TS_JIANSHENG" ;
--------------------------------------------------------
--  DDL for Table TB_ALIAS
--------------------------------------------------------

  CREATE TABLE "JIANSHENG"."TB_ALIAS" 
   (	"AID" VARCHAR2(32 BYTE), 
	"USERID" VARCHAR2(32 BYTE), 
	"ANAME" VARCHAR2(32 BYTE), 
	"ADESCRIBE" VARCHAR2(60 BYTE)
   ) SEGMENT CREATION IMMEDIATE 
  PCTFREE 10 PCTUSED 40 INITRANS 1 MAXTRANS 255 NOCOMPRESS LOGGING
  STORAGE(INITIAL 65536 NEXT 1048576 MINEXTENTS 1 MAXEXTENTS 2147483645
  PCTINCREASE 0 FREELISTS 1 FREELIST GROUPS 1 BUFFER_POOL DEFAULT FLASH_CACHE DEFAULT CELL_FLASH_CACHE DEFAULT)
  TABLESPACE "TS_JIANSHENG" ;
--------------------------------------------------------
--  DDL for Table TB_ANCOMMENTS
--------------------------------------------------------

  CREATE TABLE "JIANSHENG"."TB_ANCOMMENTS" 
   (	"ACID" VARCHAR2(32 BYTE), 
	"AID" VARCHAR2(32 BYTE), 
	"ANID" VARCHAR2(32 BYTE), 
	"ANCCONTENT" VARCHAR2(600 BYTE), 
	"ANCCDATA" DATE DEFAULT sysdate
   ) SEGMENT CREATION IMMEDIATE 
  PCTFREE 10 PCTUSED 40 INITRANS 1 MAXTRANS 255 NOCOMPRESS LOGGING
  STORAGE(INITIAL 65536 NEXT 1048576 MINEXTENTS 1 MAXEXTENTS 2147483645
  PCTINCREASE 0 FREELISTS 1 FREELIST GROUPS 1 BUFFER_POOL DEFAULT FLASH_CACHE DEFAULT CELL_FLASH_CACHE DEFAULT)
  TABLESPACE "TS_JIANSHENG" ;
--------------------------------------------------------
--  DDL for Table TB_ANSWERS
--------------------------------------------------------

  CREATE TABLE "JIANSHENG"."TB_ANSWERS" 
   (	"ANID" VARCHAR2(32 BYTE), 
	"AID" VARCHAR2(32 BYTE), 
	"QID" VARCHAR2(32 BYTE), 
	"ANDATE" DATE DEFAULT sysdate, 
	"ANCONTENT" CLOB
   ) SEGMENT CREATION IMMEDIATE 
  PCTFREE 10 PCTUSED 40 INITRANS 1 MAXTRANS 255 NOCOMPRESS LOGGING
  STORAGE(INITIAL 65536 NEXT 1048576 MINEXTENTS 1 MAXEXTENTS 2147483645
  PCTINCREASE 0 FREELISTS 1 FREELIST GROUPS 1 BUFFER_POOL DEFAULT FLASH_CACHE DEFAULT CELL_FLASH_CACHE DEFAULT)
  TABLESPACE "TS_JIANSHENG" 
 LOB ("ANCONTENT") STORE AS BASICFILE (
  TABLESPACE "TS_JIANSHENG" ENABLE STORAGE IN ROW CHUNK 8192 RETENTION 
  NOCACHE LOGGING 
  STORAGE(INITIAL 65536 NEXT 1048576 MINEXTENTS 1 MAXEXTENTS 2147483645
  PCTINCREASE 0 FREELISTS 1 FREELIST GROUPS 1 BUFFER_POOL DEFAULT FLASH_CACHE DEFAULT CELL_FLASH_CACHE DEFAULT)) ;
--------------------------------------------------------
--  DDL for Table TB_COMMENTS
--------------------------------------------------------

  CREATE TABLE "JIANSHENG"."TB_COMMENTS" 
   (	"CID" VARCHAR2(32 BYTE), 
	"AID" VARCHAR2(32 BYTE), 
	"QID" VARCHAR2(32 BYTE), 
	"CCONTENT" VARCHAR2(600 BYTE), 
	"CDATA" DATE DEFAULT sysdate
   ) SEGMENT CREATION IMMEDIATE 
  PCTFREE 10 PCTUSED 40 INITRANS 1 MAXTRANS 255 NOCOMPRESS LOGGING
  STORAGE(INITIAL 65536 NEXT 1048576 MINEXTENTS 1 MAXEXTENTS 2147483645
  PCTINCREASE 0 FREELISTS 1 FREELIST GROUPS 1 BUFFER_POOL DEFAULT FLASH_CACHE DEFAULT CELL_FLASH_CACHE DEFAULT)
  TABLESPACE "TS_JIANSHENG" ;
--------------------------------------------------------
--  DDL for Table TB_QUESTION
--------------------------------------------------------

  CREATE TABLE "JIANSHENG"."TB_QUESTION" 
   (	"QID" VARCHAR2(32 BYTE), 
	"AID" VARCHAR2(32 BYTE), 
	"QTITLE" VARCHAR2(153 BYTE), 
	"QDESCRIBE" VARCHAR2(300 BYTE)
   ) SEGMENT CREATION IMMEDIATE 
  PCTFREE 10 PCTUSED 40 INITRANS 1 MAXTRANS 255 NOCOMPRESS LOGGING
  STORAGE(INITIAL 65536 NEXT 1048576 MINEXTENTS 1 MAXEXTENTS 2147483645
  PCTINCREASE 0 FREELISTS 1 FREELIST GROUPS 1 BUFFER_POOL DEFAULT FLASH_CACHE DEFAULT CELL_FLASH_CACHE DEFAULT)
  TABLESPACE "TS_JIANSHENG" ;
--------------------------------------------------------
--  DDL for Table TB_TAGS
--------------------------------------------------------

  CREATE TABLE "JIANSHENG"."TB_TAGS" 
   (	"TID" VARCHAR2(32 BYTE), 
	"TNAME" VARCHAR2(30 BYTE)
   ) SEGMENT CREATION IMMEDIATE 
  PCTFREE 10 PCTUSED 40 INITRANS 1 MAXTRANS 255 NOCOMPRESS LOGGING
  STORAGE(INITIAL 65536 NEXT 1048576 MINEXTENTS 1 MAXEXTENTS 2147483645
  PCTINCREASE 0 FREELISTS 1 FREELIST GROUPS 1 BUFFER_POOL DEFAULT FLASH_CACHE DEFAULT CELL_FLASH_CACHE DEFAULT)
  TABLESPACE "TS_JIANSHENG" ;
--------------------------------------------------------
--  DDL for Table TB_USER
--------------------------------------------------------

  CREATE TABLE "JIANSHENG"."TB_USER" 
   (	"USERID" VARCHAR2(32 BYTE), 
	"UACCOUNT" VARCHAR2(24 BYTE), 
	"UPWD" VARCHAR2(18 BYTE), 
	"STATUS" NUMBER(1,0) DEFAULT 0, 
	"ANTHORITY" NUMBER(1,0) DEFAULT 0, 
	"UDATE" DATE DEFAULT sysdate
   ) SEGMENT CREATION IMMEDIATE 
  PCTFREE 10 PCTUSED 40 INITRANS 1 MAXTRANS 255 NOCOMPRESS LOGGING
  STORAGE(INITIAL 65536 NEXT 1048576 MINEXTENTS 1 MAXEXTENTS 2147483645
  PCTINCREASE 0 FREELISTS 1 FREELIST GROUPS 1 BUFFER_POOL DEFAULT FLASH_CACHE DEFAULT CELL_FLASH_CACHE DEFAULT)
  TABLESPACE "TS_JIANSHENG" ;
REM INSERTING into JIANSHENG.QUESTION_TAGS
SET DEFINE OFF;
Insert into JIANSHENG.QUESTION_TAGS (QID,TID) values ('5203e1976b96430bae0d6ca3db626b5e','13de3c7af8da4606865395110319f2a7');
Insert into JIANSHENG.QUESTION_TAGS (QID,TID) values ('2dc3c27a5c3d42669a20b326a6cb7ec6','0bc62ce06fb3475c93d0a4a12e9a8eea');
Insert into JIANSHENG.QUESTION_TAGS (QID,TID) values ('e90c9b73947342afa4d1635ae4f045b9','d8593d92a5f3427ba6d6b1e99fbedb10');
Insert into JIANSHENG.QUESTION_TAGS (QID,TID) values ('787f26a2cdb341a3afea3921f38aafe7','d8593d92a5f3427ba6d6b1e99fbedb10');
Insert into JIANSHENG.QUESTION_TAGS (QID,TID) values ('adfeeda86fb541ac801dd6a44271af1b','13de3c7af8da4606865395110319f2a7');
Insert into JIANSHENG.QUESTION_TAGS (QID,TID) values ('21f59f305e0745129ed64f7fbf134baf','d8593d92a5f3427ba6d6b1e99fbedb10');
Insert into JIANSHENG.QUESTION_TAGS (QID,TID) values ('025171412c724642a39af1a920faaa74','0bc62ce06fb3475c93d0a4a12e9a8eea');
Insert into JIANSHENG.QUESTION_TAGS (QID,TID) values ('e25fa88fc6da48a1a32a7c1013b04b85','0bc62ce06fb3475c93d0a4a12e9a8eea');
Insert into JIANSHENG.QUESTION_TAGS (QID,TID) values ('fe56161490d1444594594c2db23e36e5','0bc62ce06fb3475c93d0a4a12e9a8eea');
Insert into JIANSHENG.QUESTION_TAGS (QID,TID) values ('f5523031e1a54a56b2d6ddb23ee32f37','0bc62ce06fb3475c93d0a4a12e9a8eea');
Insert into JIANSHENG.QUESTION_TAGS (QID,TID) values ('6f42be5ffa6a46cb8b7d95d04161f518','13de3c7af8da4606865395110319f2a7');
Insert into JIANSHENG.QUESTION_TAGS (QID,TID) values ('372c2327dada46f884f4d2d05066e11b','0bc62ce06fb3475c93d0a4a12e9a8eea');
Insert into JIANSHENG.QUESTION_TAGS (QID,TID) values ('a1b366bd5489437a8c5c629f549d5ad0','0bc62ce06fb3475c93d0a4a12e9a8eea');
Insert into JIANSHENG.QUESTION_TAGS (QID,TID) values ('f6badcab3d7e4c829ef2cf6223099df6','0bc62ce06fb3475c93d0a4a12e9a8eea');
Insert into JIANSHENG.QUESTION_TAGS (QID,TID) values ('187314d74d2a4f15957d8ac1165f3878','0bc62ce06fb3475c93d0a4a12e9a8eea');
Insert into JIANSHENG.QUESTION_TAGS (QID,TID) values ('0357a4a625c94503990350bfacd9ba58','0bc62ce06fb3475c93d0a4a12e9a8eea');
Insert into JIANSHENG.QUESTION_TAGS (QID,TID) values ('fd43be7f5b734bdc8c4d140eb44e0c50','0bc62ce06fb3475c93d0a4a12e9a8eea');
Insert into JIANSHENG.QUESTION_TAGS (QID,TID) values ('b3530d0f04e342d18406ee9286742da9','0bc62ce06fb3475c93d0a4a12e9a8eea');
Insert into JIANSHENG.QUESTION_TAGS (QID,TID) values ('7eb76a435d704922a1657e164f0ba848','0bc62ce06fb3475c93d0a4a12e9a8eea');
Insert into JIANSHENG.QUESTION_TAGS (QID,TID) values ('2b87d7cdb3ae4a0fb662399b13c7b0cb','0bc62ce06fb3475c93d0a4a12e9a8eea');
Insert into JIANSHENG.QUESTION_TAGS (QID,TID) values ('8f3b9bd4aca340d997ab7cd53973a450','0bc62ce06fb3475c93d0a4a12e9a8eea');
Insert into JIANSHENG.QUESTION_TAGS (QID,TID) values ('2a8fe710f7a84469a04d4f0c4a5fc877','0bc62ce06fb3475c93d0a4a12e9a8eea');
Insert into JIANSHENG.QUESTION_TAGS (QID,TID) values ('0a68700bf95b4e9782cf52fa6f08eda8','d8593d92a5f3427ba6d6b1e99fbedb10');
Insert into JIANSHENG.QUESTION_TAGS (QID,TID) values ('215df0ba9f24465f97a88e268345df38','472a0c66be7a4b1784817cc633ceeaec');
Insert into JIANSHENG.QUESTION_TAGS (QID,TID) values ('6c002b1a527941dca683312df1f595f6','d8593d92a5f3427ba6d6b1e99fbedb10');
REM INSERTING into JIANSHENG.TB_ALIAS
SET DEFINE OFF;
Insert into JIANSHENG.TB_ALIAS (AID,USERID,ANAME,ADESCRIBE) values ('c831f97612aa491095a14e68f8df6600','d738056affc3456cbf85490119ef1d74','张皓','皮卡丘');
Insert into JIANSHENG.TB_ALIAS (AID,USERID,ANAME,ADESCRIBE) values ('0125150c386b4854bafd241ace8fe1c9','ed29f10799c4411b8b9d7d7fad1732b9','小白','11111');
Insert into JIANSHENG.TB_ALIAS (AID,USERID,ANAME,ADESCRIBE) values ('48a57d89404f41e68b9bf40482272f01','2f5c5d23567f46c3a808ef44477088ef','23232','23232');
Insert into JIANSHENG.TB_ALIAS (AID,USERID,ANAME,ADESCRIBE) values ('95f09de1ce2741208c1407c8f9b29a47','845546e8411d4544a1029599bf5a3e32','小白先森111','乘风破浪/');
Insert into JIANSHENG.TB_ALIAS (AID,USERID,ANAME,ADESCRIBE) values ('cb2f12022d5043bfbddca6e47480c7ec','0b1d89ffc33e40cf9110fd655b2ddb66','小白先森','驾着七彩祥云而来');
Insert into JIANSHENG.TB_ALIAS (AID,USERID,ANAME,ADESCRIBE) values ('057760c952444acdb33ac6e729884340','bc4d40e71dfe45a28bbd33d39204e1ce','杨先森','杨先森');
REM INSERTING into JIANSHENG.TB_ANCOMMENTS
SET DEFINE OFF;
REM INSERTING into JIANSHENG.TB_ANSWERS
SET DEFINE OFF;
Insert into JIANSHENG.TB_ANSWERS (ANID,AID,QID,ANDATE) values ('3d1799ea97b546afb112ca45db92c00d','cb2f12022d5043bfbddca6e47480c7ec','2dc3c27a5c3d42669a20b326a6cb7ec6',to_date('16-5月 -17','DD-MON-RR'));
Insert into JIANSHENG.TB_ANSWERS (ANID,AID,QID,ANDATE) values ('3afdc12b08124ec1aa84cd65a445a426','cb2f12022d5043bfbddca6e47480c7ec','e90c9b73947342afa4d1635ae4f045b9',to_date('16-5月 -17','DD-MON-RR'));
Insert into JIANSHENG.TB_ANSWERS (ANID,AID,QID,ANDATE) values ('d12086d9f61f4274b38645b756327c24','cb2f12022d5043bfbddca6e47480c7ec','f5523031e1a54a56b2d6ddb23ee32f37',to_date('16-5月 -17','DD-MON-RR'));
Insert into JIANSHENG.TB_ANSWERS (ANID,AID,QID,ANDATE) values ('87775ba3edf844b2947b4dbce393f5ad','057760c952444acdb33ac6e729884340','215df0ba9f24465f97a88e268345df38',to_date('17-5月 -17','DD-MON-RR'));
Insert into JIANSHENG.TB_ANSWERS (ANID,AID,QID,ANDATE) values ('32bcb6c002ee448593bb1e816b27d35a','95f09de1ce2741208c1407c8f9b29a47','6c002b1a527941dca683312df1f595f6',to_date('22-5月 -17','DD-MON-RR'));
Insert into JIANSHENG.TB_ANSWERS (ANID,AID,QID,ANDATE) values ('3f6e9c2353f24828a49a10beddb062a5','cb2f12022d5043bfbddca6e47480c7ec','f6badcab3d7e4c829ef2cf6223099df6',to_date('16-5月 -17','DD-MON-RR'));
Insert into JIANSHENG.TB_ANSWERS (ANID,AID,QID,ANDATE) values ('f6c9c38e1dc14a399100718683dff589','cb2f12022d5043bfbddca6e47480c7ec','7eb76a435d704922a1657e164f0ba848',to_date('16-5月 -17','DD-MON-RR'));
Insert into JIANSHENG.TB_ANSWERS (ANID,AID,QID,ANDATE) values ('176fd55c085043e286046f5db38d0491','cb2f12022d5043bfbddca6e47480c7ec','b3530d0f04e342d18406ee9286742da9',to_date('15-5月 -17','DD-MON-RR'));
Insert into JIANSHENG.TB_ANSWERS (ANID,AID,QID,ANDATE) values ('397713d32b53488aaafb8f887529857d','cb2f12022d5043bfbddca6e47480c7ec','2a8fe710f7a84469a04d4f0c4a5fc877',to_date('16-5月 -17','DD-MON-RR'));
Insert into JIANSHENG.TB_ANSWERS (ANID,AID,QID,ANDATE) values ('16663a3b052f48d08a2b3bb7e09ef1bc','cb2f12022d5043bfbddca6e47480c7ec','0a68700bf95b4e9782cf52fa6f08eda8',to_date('16-5月 -17','DD-MON-RR'));
REM INSERTING into JIANSHENG.TB_COMMENTS
SET DEFINE OFF;
REM INSERTING into JIANSHENG.TB_QUESTION
SET DEFINE OFF;
Insert into JIANSHENG.TB_QUESTION (QID,AID,QTITLE,QDESCRIBE) values ('2b87d7cdb3ae4a0fb662399b13c7b0cb','cb2f12022d5043bfbddca6e47480c7ec','如何评价电影《银河护卫队 2》？','预告片：银河护卫队2 中国先行版 (中文字幕) ------- 本题已收录至知乎圆桌：漫威宇宙巡游，更多');
Insert into JIANSHENG.TB_QUESTION (QID,AID,QTITLE,QDESCRIBE) values ('2dc3c27a5c3d42669a20b326a6cb7ec6','cb2f12022d5043bfbddca6e47480c7ec','女生的美腿是怎样炼成的？成长期要注意什么？','问题起因是某妹子一直在抱怨其腿X型，后悔其成长期没有注意之类的。');
Insert into JIANSHENG.TB_QUESTION (QID,AID,QTITLE,QDESCRIBE) values ('e90c9b73947342afa4d1635ae4f045b9','cb2f12022d5043bfbddca6e47480c7ec','如何以“老师分别给了每个同学一些钱，为开头写一个故事？','开个脑洞的问题');
Insert into JIANSHENG.TB_QUESTION (QID,AID,QTITLE,QDESCRIBE) values ('787f26a2cdb341a3afea3921f38aafe7','cb2f12022d5043bfbddca6e47480c7ec','1','国漫良心');
Insert into JIANSHENG.TB_QUESTION (QID,AID,QTITLE,QDESCRIBE) values ('372c2327dada46f884f4d2d05066e11b','cb2f12022d5043bfbddca6e47480c7ec','1111','are you ok?');
Insert into JIANSHENG.TB_QUESTION (QID,AID,QTITLE,QDESCRIBE) values ('21f59f305e0745129ed64f7fbf134baf','cb2f12022d5043bfbddca6e47480c7ec','服务器提出了一个问题','服务器提出了一个问题');
Insert into JIANSHENG.TB_QUESTION (QID,AID,QTITLE,QDESCRIBE) values ('025171412c724642a39af1a920faaa74','cb2f12022d5043bfbddca6e47480c7ec','王者荣耀如何挖深自己的英雄池？','rt，刚上了钻。以前一直在用韩信刘备的，但征兆出来了之后要补位。但是玩其他的总玩不好，满脑子的刷野偷龙qwq。');
Insert into JIANSHENG.TB_QUESTION (QID,AID,QTITLE,QDESCRIBE) values ('e25fa88fc6da48a1a32a7c1013b04b85','cb2f12022d5043bfbddca6e47480c7ec','北方人吃饺子是什么体验?',' 记得07年第一次来的广东，吃的体验上也有了很多第一次。');
Insert into JIANSHENG.TB_QUESTION (QID,AID,QTITLE,QDESCRIBE) values ('fe56161490d1444594594c2db23e36e5','cb2f12022d5043bfbddca6e47480c7ec','WannaCry 勒索软件变种已出现？','5 月 12 日 20 时开始，全球多个国家爆发 “WannaCry” （或称 WanaCrypt0r 2.0）勒索病毒感染事件，据媒体报道，包括俄罗斯');
Insert into JIANSHENG.TB_QUESTION (QID,AID,QTITLE,QDESCRIBE) values ('b3530d0f04e342d18406ee9286742da9','cb2f12022d5043bfbddca6e47480c7ec',' 为什么《摔跤吧！爸爸》争议这么大？','恐怕是游戏界最家喻户晓的一把武器之一了，堕落王子阿尔萨斯之刃-霜之哀伤。用这把剑把自己父亲泰瑞纳斯杀死，');
Insert into JIANSHENG.TB_QUESTION (QID,AID,QTITLE,QDESCRIBE) values ('f5523031e1a54a56b2d6ddb23ee32f37','cb2f12022d5043bfbddca6e47480c7ec','为什么 Windows 10 的任务管理器奇慢?','很显然你遭遇了毒手');
Insert into JIANSHENG.TB_QUESTION (QID,AID,QTITLE,QDESCRIBE) values ('6f42be5ffa6a46cb8b7d95d04161f518','cb2f12022d5043bfbddca6e47480c7ec','111','狐妖小红娘');
Insert into JIANSHENG.TB_QUESTION (QID,AID,QTITLE,QDESCRIBE) values ('1f43f46693f14998b04580607715481c','cb2f12022d5043bfbddca6e47480c7ec','11',null);
Insert into JIANSHENG.TB_QUESTION (QID,AID,QTITLE,QDESCRIBE) values ('0357a4a625c94503990350bfacd9ba58','cb2f12022d5043bfbddca6e47480c7ec','中国男生喜欢俄罗斯女生吗？','说白了就是用每月三万块，买你两年二十多岁的青春，你觉得这个交易值得吗？');
Insert into JIANSHENG.TB_QUESTION (QID,AID,QTITLE,QDESCRIBE) values ('8f3b9bd4aca340d997ab7cd53973a450','cb2f12022d5043bfbddca6e47480c7ec',' 网络小说里有哪些令人“拍案叫绝”的智障桥段？','网络小说的崛起降低了写作门槛、开放了写作平台，各路牛鬼蛇神都妄想吃上一口唐僧肉。');
Insert into JIANSHENG.TB_QUESTION (QID,AID,QTITLE,QDESCRIBE) values ('fd43be7f5b734bdc8c4d140eb44e0c50','cb2f12022d5043bfbddca6e47480c7ec','如何在气场强大的人面前做到不卑不亢？','小弟出生于城市贫民家庭，因此在一些气场强大，气质好的高富帅，白富美面前显得有点低微，紧张。');
Insert into JIANSHENG.TB_QUESTION (QID,AID,QTITLE,QDESCRIBE) values ('a1b366bd5489437a8c5c629f549d5ad0','cb2f12022d5043bfbddca6e47480c7ec','陈哲宇教授出狱后，会有国外的大学继续挖他吗？','所以说这真的是一种意志很强的表现吗？');
Insert into JIANSHENG.TB_QUESTION (QID,AID,QTITLE,QDESCRIBE) values ('f6badcab3d7e4c829ef2cf6223099df6','cb2f12022d5043bfbddca6e47480c7ec','阅历丰富在游戏里有什么用？','23333');
Insert into JIANSHENG.TB_QUESTION (QID,AID,QTITLE,QDESCRIBE) values ('7eb76a435d704922a1657e164f0ba848','cb2f12022d5043bfbddca6e47480c7ec','你们在游戏中遇到过什么奇葩？','畅所欲言');
Insert into JIANSHENG.TB_QUESTION (QID,AID,QTITLE,QDESCRIBE) values ('0a68700bf95b4e9782cf52fa6f08eda8','cb2f12022d5043bfbddca6e47480c7ec','有哪些外行看上去很高大上，但在内行眼里 low 得不行的东西？','随便写点查看一下数据的类型');
Insert into JIANSHENG.TB_QUESTION (QID,AID,QTITLE,QDESCRIBE) values ('5203e1976b96430bae0d6ca3db626b5e','cb2f12022d5043bfbddca6e47480c7ec','不能发现的秘密','123456789故意写长点');
Insert into JIANSHENG.TB_QUESTION (QID,AID,QTITLE,QDESCRIBE) values ('adfeeda86fb541ac801dd6a44271af1b','cb2f12022d5043bfbddca6e47480c7ec','当然是不要多说了','不许说话不许说话不许说话不许说话不许说话不许说话');
Insert into JIANSHENG.TB_QUESTION (QID,AID,QTITLE,QDESCRIBE) values ('187314d74d2a4f15957d8ac1165f3878','cb2f12022d5043bfbddca6e47480c7ec','中单玩家的日常','首先很赞同另一个答主所说:闪现一定要拖放。
但是不是所有的技能都要拖放，这要看情景。

挖深英雄池就要多练英雄，');
Insert into JIANSHENG.TB_QUESTION (QID,AID,QTITLE,QDESCRIBE) values ('2a8fe710f7a84469a04d4f0c4a5fc877','cb2f12022d5043bfbddca6e47480c7ec','《黑暗之魂3》主人公在外冒险时，防火女等NPC们都在干嘛?','三球法术，功在圣明');
Insert into JIANSHENG.TB_QUESTION (QID,AID,QTITLE,QDESCRIBE) values ('215df0ba9f24465f97a88e268345df38','057760c952444acdb33ac6e729884340','如何提问题？','如何提问题？如何提问题？如何提问题？如何提问题？如何提问题？如何提问题？');
Insert into JIANSHENG.TB_QUESTION (QID,AID,QTITLE,QDESCRIBE) values ('6c002b1a527941dca683312df1f595f6','95f09de1ce2741208c1407c8f9b29a47','三体里有关宇宙的常识性的问题？','三体里有关宇宙的常识性的问题？三体里有关宇宙的常识性的问题？三体里有关宇宙的常识性的问题？');
REM INSERTING into JIANSHENG.TB_TAGS
SET DEFINE OFF;
Insert into JIANSHENG.TB_TAGS (TID,TNAME) values ('0bc62ce06fb3475c93d0a4a12e9a8eea','企鹅');
Insert into JIANSHENG.TB_TAGS (TID,TNAME) values ('13de3c7af8da4606865395110319f2a7','狐妖小红娘');
Insert into JIANSHENG.TB_TAGS (TID,TNAME) values ('074240c81ba44bcc95377111c679ef10','腾讯');
Insert into JIANSHENG.TB_TAGS (TID,TNAME) values ('472a0c66be7a4b1784817cc633ceeaec','阿尔萨斯伊利丹怒风');
Insert into JIANSHENG.TB_TAGS (TID,TNAME) values ('d8593d92a5f3427ba6d6b1e99fbedb10','阿里巴巴');
Insert into JIANSHENG.TB_TAGS (TID,TNAME) values ('0c4a924775d14674b92d1e2a9903f022','随便写点什么');
REM INSERTING into JIANSHENG.TB_USER
SET DEFINE OFF;
Insert into JIANSHENG.TB_USER (USERID,UACCOUNT,UPWD,STATUS,ANTHORITY,UDATE) values ('2d9f895aa0fc4c399fa227ac7abf5b6b','854748548@qq.com','123456',0,0,to_date('05-5月 -17','DD-MON-RR'));
Insert into JIANSHENG.TB_USER (USERID,UACCOUNT,UPWD,STATUS,ANTHORITY,UDATE) values ('f9048a989bcb44159481a799888578a8','小白先森','107225',0,0,to_date('05-5月 -17','DD-MON-RR'));
Insert into JIANSHENG.TB_USER (USERID,UACCOUNT,UPWD,STATUS,ANTHORITY,UDATE) values ('d738056affc3456cbf85490119ef1d74','zhaokai@qq.com','107225',0,0,to_date('17-5月 -17','DD-MON-RR'));
Insert into JIANSHENG.TB_USER (USERID,UACCOUNT,UPWD,STATUS,ANTHORITY,UDATE) values ('ed29f10799c4411b8b9d7d7fad1732b9','liuwei','1072266104',0,0,to_date('12-5月 -17','DD-MON-RR'));
Insert into JIANSHENG.TB_USER (USERID,UACCOUNT,UPWD,STATUS,ANTHORITY,UDATE) values ('1446d679fb944bb78df27dbdf82aa378','zhangjie','107225',0,0,to_date('12-5月 -17','DD-MON-RR'));
Insert into JIANSHENG.TB_USER (USERID,UACCOUNT,UPWD,STATUS,ANTHORITY,UDATE) values ('0243bca732934e01b2f686a5d49fd7e1','liuwei@qq.com','107225',0,0,to_date('17-5月 -17','DD-MON-RR'));
Insert into JIANSHENG.TB_USER (USERID,UACCOUNT,UPWD,STATUS,ANTHORITY,UDATE) values ('85722f1fc0ec4f81a5f1bfe23adf2ba5','lizebing@qq.com','107225',0,0,to_date('17-5月 -17','DD-MON-RR'));
Insert into JIANSHENG.TB_USER (USERID,UACCOUNT,UPWD,STATUS,ANTHORITY,UDATE) values ('2f5c5d23567f46c3a808ef44477088ef','dinguo@qq.com','lw1072266104',0,0,to_date('22-5月 -17','DD-MON-RR'));
Insert into JIANSHENG.TB_USER (USERID,UACCOUNT,UPWD,STATUS,ANTHORITY,UDATE) values ('845546e8411d4544a1029599bf5a3e32','xiaoxixi@qq.com','lw1072266104',0,0,to_date('22-5月 -17','DD-MON-RR'));
Insert into JIANSHENG.TB_USER (USERID,UACCOUNT,UPWD,STATUS,ANTHORITY,UDATE) values ('adfadfadcadcaferwer','xiaobai@qq.com','12769',0,1,to_date('12-5月 -17','DD-MON-RR'));
Insert into JIANSHENG.TB_USER (USERID,UACCOUNT,UPWD,STATUS,ANTHORITY,UDATE) values ('76dcbab698714f8ca78400991bb2154c','xiaobaixiansen@qq.com','lw1072266104',0,0,to_date('22-5月 -17','DD-MON-RR'));
Insert into JIANSHENG.TB_USER (USERID,UACCOUNT,UPWD,STATUS,ANTHORITY,UDATE) values ('d1e96ac88e304209bf0089ee90fe8ee8','85474854@qq.com','123456',0,0,to_date('07-5月 -17','DD-MON-RR'));
Insert into JIANSHENG.TB_USER (USERID,UACCOUNT,UPWD,STATUS,ANTHORITY,UDATE) values ('0b1d89ffc33e40cf9110fd655b2ddb66','854748','123456',0,0,to_date('07-5月 -17','DD-MON-RR'));
Insert into JIANSHENG.TB_USER (USERID,UACCOUNT,UPWD,STATUS,ANTHORITY,UDATE) values ('bc4d40e71dfe45a28bbd33d39204e1ce','yangqi@qq.com','107225',0,0,to_date('17-5月 -17','DD-MON-RR'));
--------------------------------------------------------
--  Constraints for Table TB_USER
--------------------------------------------------------

  ALTER TABLE "JIANSHENG"."TB_USER" MODIFY ("ANTHORITY" NOT NULL ENABLE);
  ALTER TABLE "JIANSHENG"."TB_USER" MODIFY ("STATUS" NOT NULL ENABLE);
  ALTER TABLE "JIANSHENG"."TB_USER" ADD UNIQUE ("UACCOUNT")
  USING INDEX PCTFREE 10 INITRANS 2 MAXTRANS 255 COMPUTE STATISTICS 
  STORAGE(INITIAL 65536 NEXT 1048576 MINEXTENTS 1 MAXEXTENTS 2147483645
  PCTINCREASE 0 FREELISTS 1 FREELIST GROUPS 1 BUFFER_POOL DEFAULT FLASH_CACHE DEFAULT CELL_FLASH_CACHE DEFAULT)
  TABLESPACE "TS_JIANSHENG"  ENABLE;
  ALTER TABLE "JIANSHENG"."TB_USER" ADD PRIMARY KEY ("USERID")
  USING INDEX PCTFREE 10 INITRANS 2 MAXTRANS 255 COMPUTE STATISTICS 
  STORAGE(INITIAL 65536 NEXT 1048576 MINEXTENTS 1 MAXEXTENTS 2147483645
  PCTINCREASE 0 FREELISTS 1 FREELIST GROUPS 1 BUFFER_POOL DEFAULT FLASH_CACHE DEFAULT CELL_FLASH_CACHE DEFAULT)
  TABLESPACE "TS_JIANSHENG"  ENABLE;
  ALTER TABLE "JIANSHENG"."TB_USER" MODIFY ("UPWD" NOT NULL ENABLE);
  ALTER TABLE "JIANSHENG"."TB_USER" MODIFY ("UACCOUNT" NOT NULL ENABLE);
--------------------------------------------------------
--  Constraints for Table TB_ANSWERS
--------------------------------------------------------

  ALTER TABLE "JIANSHENG"."TB_ANSWERS" ADD PRIMARY KEY ("ANID")
  USING INDEX PCTFREE 10 INITRANS 2 MAXTRANS 255 COMPUTE STATISTICS 
  STORAGE(INITIAL 65536 NEXT 1048576 MINEXTENTS 1 MAXEXTENTS 2147483645
  PCTINCREASE 0 FREELISTS 1 FREELIST GROUPS 1 BUFFER_POOL DEFAULT FLASH_CACHE DEFAULT CELL_FLASH_CACHE DEFAULT)
  TABLESPACE "TS_JIANSHENG"  ENABLE;
--------------------------------------------------------
--  Constraints for Table TB_ALIAS
--------------------------------------------------------

  ALTER TABLE "JIANSHENG"."TB_ALIAS" ADD UNIQUE ("ANAME")
  USING INDEX PCTFREE 10 INITRANS 2 MAXTRANS 255 COMPUTE STATISTICS 
  STORAGE(INITIAL 65536 NEXT 1048576 MINEXTENTS 1 MAXEXTENTS 2147483645
  PCTINCREASE 0 FREELISTS 1 FREELIST GROUPS 1 BUFFER_POOL DEFAULT FLASH_CACHE DEFAULT CELL_FLASH_CACHE DEFAULT)
  TABLESPACE "TS_JIANSHENG"  ENABLE;
  ALTER TABLE "JIANSHENG"."TB_ALIAS" ADD PRIMARY KEY ("AID")
  USING INDEX PCTFREE 10 INITRANS 2 MAXTRANS 255 COMPUTE STATISTICS 
  STORAGE(INITIAL 65536 NEXT 1048576 MINEXTENTS 1 MAXEXTENTS 2147483645
  PCTINCREASE 0 FREELISTS 1 FREELIST GROUPS 1 BUFFER_POOL DEFAULT FLASH_CACHE DEFAULT CELL_FLASH_CACHE DEFAULT)
  TABLESPACE "TS_JIANSHENG"  ENABLE;
  ALTER TABLE "JIANSHENG"."TB_ALIAS" MODIFY ("ADESCRIBE" NOT NULL ENABLE);
  ALTER TABLE "JIANSHENG"."TB_ALIAS" MODIFY ("ANAME" NOT NULL ENABLE);
--------------------------------------------------------
--  Constraints for Table TB_QUESTION
--------------------------------------------------------

  ALTER TABLE "JIANSHENG"."TB_QUESTION" ADD UNIQUE ("QTITLE")
  USING INDEX PCTFREE 10 INITRANS 2 MAXTRANS 255 COMPUTE STATISTICS 
  STORAGE(INITIAL 65536 NEXT 1048576 MINEXTENTS 1 MAXEXTENTS 2147483645
  PCTINCREASE 0 FREELISTS 1 FREELIST GROUPS 1 BUFFER_POOL DEFAULT FLASH_CACHE DEFAULT CELL_FLASH_CACHE DEFAULT)
  TABLESPACE "TS_JIANSHENG"  ENABLE;
  ALTER TABLE "JIANSHENG"."TB_QUESTION" ADD PRIMARY KEY ("QID")
  USING INDEX PCTFREE 10 INITRANS 2 MAXTRANS 255 COMPUTE STATISTICS 
  STORAGE(INITIAL 65536 NEXT 1048576 MINEXTENTS 1 MAXEXTENTS 2147483645
  PCTINCREASE 0 FREELISTS 1 FREELIST GROUPS 1 BUFFER_POOL DEFAULT FLASH_CACHE DEFAULT CELL_FLASH_CACHE DEFAULT)
  TABLESPACE "TS_JIANSHENG"  ENABLE;
  ALTER TABLE "JIANSHENG"."TB_QUESTION" MODIFY ("QTITLE" NOT NULL ENABLE);
--------------------------------------------------------
--  Constraints for Table TB_TAGS
--------------------------------------------------------

  ALTER TABLE "JIANSHENG"."TB_TAGS" ADD UNIQUE ("TNAME")
  USING INDEX PCTFREE 10 INITRANS 2 MAXTRANS 255 COMPUTE STATISTICS 
  STORAGE(INITIAL 65536 NEXT 1048576 MINEXTENTS 1 MAXEXTENTS 2147483645
  PCTINCREASE 0 FREELISTS 1 FREELIST GROUPS 1 BUFFER_POOL DEFAULT FLASH_CACHE DEFAULT CELL_FLASH_CACHE DEFAULT)
  TABLESPACE "TS_JIANSHENG"  ENABLE;
  ALTER TABLE "JIANSHENG"."TB_TAGS" ADD PRIMARY KEY ("TID")
  USING INDEX PCTFREE 10 INITRANS 2 MAXTRANS 255 COMPUTE STATISTICS 
  STORAGE(INITIAL 65536 NEXT 1048576 MINEXTENTS 1 MAXEXTENTS 2147483645
  PCTINCREASE 0 FREELISTS 1 FREELIST GROUPS 1 BUFFER_POOL DEFAULT FLASH_CACHE DEFAULT CELL_FLASH_CACHE DEFAULT)
  TABLESPACE "TS_JIANSHENG"  ENABLE;
  ALTER TABLE "JIANSHENG"."TB_TAGS" MODIFY ("TNAME" NOT NULL ENABLE);
--------------------------------------------------------
--  Constraints for Table TB_ANCOMMENTS
--------------------------------------------------------

  ALTER TABLE "JIANSHENG"."TB_ANCOMMENTS" ADD PRIMARY KEY ("ACID")
  USING INDEX PCTFREE 10 INITRANS 2 MAXTRANS 255 COMPUTE STATISTICS 
  STORAGE(INITIAL 65536 NEXT 1048576 MINEXTENTS 1 MAXEXTENTS 2147483645
  PCTINCREASE 0 FREELISTS 1 FREELIST GROUPS 1 BUFFER_POOL DEFAULT FLASH_CACHE DEFAULT CELL_FLASH_CACHE DEFAULT)
  TABLESPACE "TS_JIANSHENG"  ENABLE;
  ALTER TABLE "JIANSHENG"."TB_ANCOMMENTS" MODIFY ("ANCCONTENT" NOT NULL ENABLE);
--------------------------------------------------------
--  Constraints for Table TB_COMMENTS
--------------------------------------------------------

  ALTER TABLE "JIANSHENG"."TB_COMMENTS" ADD PRIMARY KEY ("CID")
  USING INDEX PCTFREE 10 INITRANS 2 MAXTRANS 255 COMPUTE STATISTICS 
  STORAGE(INITIAL 65536 NEXT 1048576 MINEXTENTS 1 MAXEXTENTS 2147483645
  PCTINCREASE 0 FREELISTS 1 FREELIST GROUPS 1 BUFFER_POOL DEFAULT FLASH_CACHE DEFAULT CELL_FLASH_CACHE DEFAULT)
  TABLESPACE "TS_JIANSHENG"  ENABLE;
  ALTER TABLE "JIANSHENG"."TB_COMMENTS" MODIFY ("CCONTENT" NOT NULL ENABLE);
--------------------------------------------------------
--  Ref Constraints for Table QUESTION_TAGS
--------------------------------------------------------

  ALTER TABLE "JIANSHENG"."QUESTION_TAGS" ADD FOREIGN KEY ("QID")
	  REFERENCES "JIANSHENG"."TB_QUESTION" ("QID") ENABLE;
  ALTER TABLE "JIANSHENG"."QUESTION_TAGS" ADD FOREIGN KEY ("TID")
	  REFERENCES "JIANSHENG"."TB_TAGS" ("TID") ENABLE;
--------------------------------------------------------
--  Ref Constraints for Table TB_ALIAS
--------------------------------------------------------

  ALTER TABLE "JIANSHENG"."TB_ALIAS" ADD FOREIGN KEY ("USERID")
	  REFERENCES "JIANSHENG"."TB_USER" ("USERID") ENABLE;
--------------------------------------------------------
--  Ref Constraints for Table TB_ANCOMMENTS
--------------------------------------------------------

  ALTER TABLE "JIANSHENG"."TB_ANCOMMENTS" ADD FOREIGN KEY ("AID")
	  REFERENCES "JIANSHENG"."TB_ALIAS" ("AID") ENABLE;
  ALTER TABLE "JIANSHENG"."TB_ANCOMMENTS" ADD FOREIGN KEY ("ANID")
	  REFERENCES "JIANSHENG"."TB_ANSWERS" ("ANID") ENABLE;
--------------------------------------------------------
--  Ref Constraints for Table TB_ANSWERS
--------------------------------------------------------

  ALTER TABLE "JIANSHENG"."TB_ANSWERS" ADD FOREIGN KEY ("AID")
	  REFERENCES "JIANSHENG"."TB_ALIAS" ("AID") ENABLE;
  ALTER TABLE "JIANSHENG"."TB_ANSWERS" ADD FOREIGN KEY ("QID")
	  REFERENCES "JIANSHENG"."TB_QUESTION" ("QID") ENABLE;
--------------------------------------------------------
--  Ref Constraints for Table TB_COMMENTS
--------------------------------------------------------

  ALTER TABLE "JIANSHENG"."TB_COMMENTS" ADD FOREIGN KEY ("AID")
	  REFERENCES "JIANSHENG"."TB_ALIAS" ("AID") ENABLE;
  ALTER TABLE "JIANSHENG"."TB_COMMENTS" ADD FOREIGN KEY ("QID")
	  REFERENCES "JIANSHENG"."TB_QUESTION" ("QID") ENABLE;
--------------------------------------------------------
--  Ref Constraints for Table TB_QUESTION
--------------------------------------------------------

  ALTER TABLE "JIANSHENG"."TB_QUESTION" ADD FOREIGN KEY ("AID")
	  REFERENCES "JIANSHENG"."TB_ALIAS" ("AID") ENABLE;
